name,episodes,link
"Cô gái tầng dưới","1","https://drive.google.com/file/d/1SrIZdFFl0U6kTgWzNyZi4Z-PswTSxBQ0/view"
"Cô gái tầng dưới","2","https://drive.google.com/file/d/1120WvbeKjH9sgww9w4zUg9nTQaqihNZT/view"
"Cô gái tầng dưới","3","https://drive.google.com/file/d/1j88DN8wlhP1sIEpXazNqh3Z5U6a5UI67/view"
"Cô gái tầng dưới","4","https://drive.google.com/file/d/1qb-M8SnSsGRi7R8YtsI7sGCRgQ6DXQUx/view"
"Cô gái tầng dưới","5","https://drive.google.com/file/d/1DYyK3ANI_ye1x7gEhSlBTxtXXLK_1DJ9/view"
"Cô gái tầng dưới","6","https://drive.google.com/file/d/1G0YzND_Mg2o3Nn6WREUDvfcNzjfUMyog/view"
"Đại Vương Tha Mạng","1","https://niy.wistia.com/medias/wql0ntxlwd"
"Đại Vương Tha Mạng","2","https://niy.wistia.com/medias/kytjs5kitz"
"Đại Vương Tha Mạng","1","https://niy.wistia.com/medias/f7oq5grdfo"
